,start,end
0,2010-04-14 21:50:54,
1,2017-09-06 21:50:01,
2,2022-06-01 18:28:43,2022-09-07 19:16:17
3,2012-05-03 22:39:03,
4,2010-01-02 17:18:41,
5,2016-06-05 12:38:07,2022-11-25 18:06:27
6,2015-08-25 00:57:56,
7,2016-01-13 10:18:52,
8,2019-01-31 20:35:15,
9,2014-06-16 20:19:30,
10,2021-06-01 22:57:06,
11,2011-07-28 14:43:49,
12,2009-08-06 05:21:21,
13,2016-04-19 10:27:28,
14,2008-06-25 03:28:53,2023-09-06 00:34:25
15,2022-03-21 06:19:34,
16,2014-08-19 04:30:09,
17,2015-05-13 02:54:08,
18,2018-05-02 11:43:10,
19,2020-12-19 15:26:40,
20,2021-01-18 22:50:19,
21,2008-01-14 02:04:36,
22,2019-11-02 18:07:07,
23,2015-07-30 12:57:09,
24,2012-07-12 22:05:28,
25,2020-04-10 11:50:55,
26,2021-08-22 09:00:54,2022-08-12 17:53:19
27,2018-01-21 07:11:20,2018-12-04 21:47:53
28,2023-05-03 06:36:23,
29,2013-05-26 10:32:18,
30,2008-07-09 01:54:35,2008-11-24 18:49:27
31,2008-06-07 02:45:43,
32,2019-01-19 03:20:27,
33,2017-03-18 05:16:51,
34,2008-02-27 04:44:23,
35,2023-12-23 16:04:25,
36,2022-12-28 19:07:07,
37,2014-06-26 17:17:45,
38,2019-09-05 15:53:35,2021-07-09 14:42:52
39,2024-06-26 09:48:56,
40,2015-03-07 22:35:10,
41,2020-05-07 06:59:08,
42,2008-06-29 10:52:32,
43,2016-12-22 13:48:07,
44,2011-10-09 13:03:27,
45,2020-12-28 11:20:49,
46,2015-06-13 22:31:48,
47,2023-12-23 18:44:13,
48,2016-06-07 20:52:50,
49,2017-05-28 08:23:45,
50,2011-12-19 08:04:23,2017-11-05 10:39:19
51,2011-12-05 13:18:51,
52,2019-07-07 18:58:15,
53,2011-09-21 10:59:33,
54,2020-12-11 08:45:07,
55,2015-10-26 21:02:10,2020-09-30 12:24:07
56,2023-10-06 02:40:59,
57,2008-05-13 12:46:38,
58,2015-01-30 01:15:03,
59,2022-04-01 12:40:51,
60,2023-08-03 12:03:42,
61,2017-06-19 16:28:56,
62,2023-09-09 06:43:34,
63,2018-12-05 01:52:42,
64,2009-09-13 09:07:19,2012-11-11 13:28:23
65,2018-09-15 15:54:27,
66,2020-04-23 12:52:13,
67,2022-08-18 12:31:19,
68,2013-01-15 16:56:22,
69,2010-01-21 04:25:02,
70,2020-08-22 18:03:45,
71,2013-08-29 07:06:06,
72,2023-03-27 21:52:58,
73,2020-04-10 03:33:09,
74,2024-07-22 13:53:45,
75,2020-02-06 04:36:14,
76,2016-07-08 20:39:50,
77,2023-12-06 20:08:31,
78,2024-06-15 00:51:01,
79,2015-03-07 21:09:31,
80,2016-08-20 20:17:02,
81,2022-02-13 15:53:37,
82,2023-06-26 16:38:03,
83,2019-05-28 03:12:41,
84,2011-03-25 16:26:38,
85,2013-02-28 01:35:31,
86,2012-10-31 16:54:58,
87,2017-12-30 02:22:12,
88,2024-07-23 19:35:41,
89,2023-01-05 12:48:24,
90,2016-06-29 22:16:02,
91,2022-05-25 02:06:19,
92,2024-01-03 15:11:16,
93,2016-08-05 17:23:04,
94,2014-09-10 05:08:39,
95,2018-01-07 22:22:59,
96,2022-07-08 03:31:21,
97,2008-08-02 12:51:54,
98,2016-03-03 00:38:15,2020-04-19 08:38:43
99,2020-08-26 09:09:13,
